{"cameraMode":{"drawMode":0,"name":"Shaded","section":"Shading Mode"},"sceneLighting":true,"audioPlay":false,"sceneViewState":{"m_AlwaysRefresh":false,"showFog":true,"showSkybox":true,"showFlares":true,"showImageEffects":true,"showParticleSystems":true,"showVisualEffectGraphs":true,"m_FxEnabled":true},"in2DMode":false,"pivot":{"x":1573.9027099609375,"y":1044.3533935546875,"z":49.0924072265625},"rotation":{"x":0.004499748349189758,"y":-0.015314402990043164,"z":0.00007042891229502857,"w":0.9998795986175537},"size":669.030517578125,"orthographic":true}